{% macro notification(notification) -%}
"{%- for key, value in notification.iteritems() %}
{%- if key == 'documentation' -%}{{ key }}: {{ value.split('/').pop() }}{%- else -%}{{ key }}: {{ value }}{% endif %}{%- if not loop.last %} | {% endif -%}
{%- endfor -%}"
{%- endmacro %}

{%- set checks = salt['pillar.get']('sensu_checks', []) -%}
{%- for pillar_key, data in pillar.items() -%}
{%- for check in salt['pillar.get']("%s:sensu_checks"|format(pillar_key), {}) -%}
{% do checks.append(check) %}
{%- endfor -%}
{%- endfor -%}
{%- if checks -%}
{
  "checks": {
    {% for check in checks %}
    "{{ check.name }}": {
      {% if check.interval is defined %}"interval": {{ check.interval }},{% endif %}
      {% if check.source is defined %}"source": {{ check.source|json }},{% endif %}
      "subscribers": {% if check.subscribers is defined %}{{ check.subscribers|json }}{% else %}[]{% endif %},
      "command": {{ check.command|json }},
      "standalone": {% if check.standalone is defined %}{{ check.standalone|json }}{% else %}false{% endif %},
      "handlers": {% if check.handlers is defined %}{{ check.handlers|json }}{% else %}[]{% endif %},
      "publish": {% if check.publish is defined %}{{ check.publish|json }}{% else %}true{% endif %},
      {%- if check.remediation is defined %}
      "remediation": {
        {{ check.remediation|json }}: {
          "occurrences": {{ check.occurrences|json }},
          "severities": {{ check.severities|json }} 
        }
      },
      {%- endif %}
      "notification": {% if check.notification is defined %}{{ notification(check.notification) }}{% else %}""{% endif %},
      "contacts": {% if check.contact is defined %}{{ check.contact|json }}{% else %}[]{% endif %}
    }{% if not loop.last %},{% endif %}
    {% endfor %}
  }
}
{%- endif -%}
