{%- set environment = salt['grains.get']('environment', 'environment-unknown') -%}
{%- if not environment -%} {# fix if environment grain set but null #}
{%- set environment = "environment-unknown" -%}
{%- endif -%}

{%- set lob = salt['grains.get']('lob', 'lob-unknown') -%}
{%- if not lob -%} {# fix if lob grain set but null #}
{%- set lob = "lob-unknown" -%}
{%- endif -%}

{%- if grains['kernel'] == 'Windows' -%}
{%- from 'windows/hostname.jinja' import hostname %}
{%- set fqdn = hostname() -%}
{%- else -%}
{%- set fqdn = grains['fqdn'] -%}
{%- endif -%}

{%- set subscriptions = [ environment, grains['os'], lob, 'all', fqdn, grains['kernel'] ] -%}

{%- for pillar_key, data in pillar.items() -%}
{%- for subscription in salt['pillar.get']("%s:sensu_subs"|format(pillar_key), {}) -%}
{% do subscriptions.append(subscription) %}
{%- endfor -%}
{%- endfor -%}

{%- if salt['grains.get']('floating_ip_address') -%}
{%- set address = salt['grains.get']('floating_ip_address') -%}
{%- else -%}
{%- set address = grains['ipv4'][0] -%}
{%- endif -%}

{%- if salt['grains.get']('environment') == 'mgmt' -%}
{%- set handler = ['email'] -%}
{%- else -%}
{%- set handler = ['decomm'] -%}
{%- endif -%}
{
  "client": {
    "name": {{ fqdn|json }},
    "address": {{ address|json }},
    "subscriptions": {{ subscriptions|json }},
    "keepalive": {
      "thresholds": {
        "warning": 180,
        "critical": 300
      },
      "handlers": {{ handler|json }},
      "refresh": 1800
    }
  }
}
