{%- set metrics = salt['pillar.get']('sensu_metrics', []) -%}
{%- for pillar_key, data in pillar.items() -%}
{%- for metric in salt['pillar.get']("%s:sensu_metrics"|format(pillar_key), {}) -%}
{% do metrics.append(metric) %}
{%- endfor -%}
{%- endfor -%}
{%- if metrics -%}
{
  "checks": {
    {% for metric in metrics %}
    "{{ metric.name }}": {
      {% if metric.source is defined %}"source": {{ metric.source|json }},{% endif %}
      "type": "metric",
      "interval": {{ metric.interval }},
      "subscribers": {{ metric.subscribers|json }},
      "command": "{{ metric.command }}",
      "standalone": {% if metric.standalone is defined %}{{ metric.standalone|json }}{% else %}false{% endif %},
      "handlers": ["influxdb"]
    }{% if not loop.last %},{% endif %}
    {% endfor %}
  }
}
{%- endif -%}
