{% from "sensu/client/map.jinja" import sensu_client with context -%}
{% set sensu = salt['pillar.get']('sensu_client', {}) %}
{
  "rabbitmq": {
    {%- if sensu.ssl.enable %}
    "ssl": {
      "cert_chain_file": "{{ sensu_client.config_path + '/ssl/cert.pem' }}",
      "private_key_file": "{{ sensu_client.config_path + '/ssl/key.pem' }}"
    },
    {%- endif %}
    "heartbeat": {{ sensu.rabbitmq.heartbeat|json }},
    "host": {{ sensu.rabbitmq.host|json }},
    "port": {{ sensu.rabbitmq.port|json }},
    "vhost": {{ sensu.rabbitmq.vhost|json }},
    "user": {{ sensu.rabbitmq.user|json }},
    "password": {{ sensu.rabbitmq.password|json }}
  }
}
