{%- set connection_config = salt['grains.get']('nexus:ldap:connection_config', salt['pillar.get']('nexus:ldap:connection_config', {})) -%}
{%- set user_and_group_config = salt['grains.get']('nexus:ldap:user_and_group_config', salt['pillar.get']('nexus:ldap:user_and_group_config', {})) -%}

<?xml version="1.0" encoding="UTF-8"?>
<ldapConfiguration>
  <version>2.8.0</version>
  <connectionInfo>
    <searchBase>{{ connection_config.searchBase }}</searchBase>
    <systemUsername>{{ connection_config.systemUsername }}</systemUsername>
    <systemPassword>{{ connection_config.systemPassword }}</systemPassword>
    <authScheme>{{ connection_config.authScheme }}</authScheme>
    <protocol>{{ connection_config.protocol }}</protocol>
    <host>{{ connection_config.host }}</host>
    <port>{{ connection_config.port }}</port>
  </connectionInfo>
  <userAndGroupConfig>
    <emailAddressAttribute>{{ user_and_group_config.emailAddressAttribute }}</emailAddressAttribute>
    <ldapGroupsAsRoles>{{ user_and_group_config.ldapGroupsAsRoles }}</ldapGroupsAsRoles>
    <groupIdAttribute>{{ user_and_group_config.groupIdAttribute }}</groupIdAttribute>
    <groupMemberAttribute>{{ user_and_group_config.groupMemberAttribute }}</groupMemberAttribute>
    <groupMemberFormat>{{ user_and_group_config.groupMemberFormat }}</groupMemberFormat>
    <groupObjectClass>{{ user_and_group_config.groupObjectClass }}</groupObjectClass>
    <userIdAttribute>{{ user_and_group_config.userIdAttribute }}</userIdAttribute>
    <userObjectClass>{{ user_and_group_config.userObjectClass }}</userObjectClass>
    <userRealNameAttribute>{{ user_and_group_config.userRealNameAttribute }}</userRealNameAttribute>
    <userSubtree>{{ user_and_group_config.userSubtree }}</userSubtree>
    <groupSubtree>{{ user_and_group_config.groupSubtree }}</groupSubtree>
    <userMemberOfAttribute>{{ user_and_group_config.userMemberOfAttribute }}</userMemberOfAttribute>
    <ldapFilter>{{ user_and_group_config.ldapFilter }}</ldapFilter>
  </userAndGroupConfig>
</ldapConfiguration>