{%- from 'nexus/settings.sls' import nexus with context %}
{%- set global_connection_config = salt['grains.get']('nexus:global_connection_config', salt['pillar.get']('nexus:global_connection_config', {})) -%}
{%- set rest_api_config = salt['grains.get']('nexus:rest_api_config', salt['pillar.get']('nexus:rest_api_config', {})) -%}
{%- set http_proxy_config = salt['grains.get']('nexus:http_proxy_config', salt['pillar.get']('nexus:http_proxy_config', {})) -%}
{%- set routing_config = salt['grains.get']('nexus:routing_config', salt['pillar.get']('nexus:routing_config', {})) -%}
{%- set repositories = salt['grains.get']('nexus:repositories', salt['pillar.get']('nexus:repositories', {})) -%}
{%- set repository_groupings = salt['grains.get']('nexus:repository_groupings', salt['pillar.get']('nexus:repository_groupings', {})) -%}
{%- set repository_targets = salt['grains.get']('nexus:repository_targets', salt['pillar.get']('nexus:repository_targets', {})) -%}
{%- set smtp_config = salt['grains.get']('nexus:smtp_config', salt['pillar.get']('nexus:smtp_config', {})) -%}
{%- set notification_targets = salt['grains.get']('nexus:notification_targets', salt['pillar.get']('nexus:notification_targets', {})) -%}
{%- set floating_ip_address = salt['grains.get']('floating_ip_address', '127.0.0.1') -%}
{%- set hostname = salt['grains.get']('host', '') -%}
{% from "ddns/map.jinja" import dynamic_domain with context %}


<?xml version="1.0" encoding="UTF-8"?>
<nexusConfiguration>
  <version>2.8.0</version>
  <nexusVersion>{{ nexus.version }}</nexusVersion>
  <globalConnectionSettings>
    <connectionTimeout>{{ global_connection_config.connectionTimeout }}</connectionTimeout>
    <retrievalRetryCount>{{ global_connection_config.retrievalRetryCount }}</retrievalRetryCount>
    <queryString></queryString>
  </globalConnectionSettings>
  <restApi>
    {%- if dynamic_domain and hostname is defined %}
    <baseUrl>http://{{ hostname }}.{{ dynamic_domain }}/nexus</baseUrl>
    <forceBaseUrl>true</forceBaseUrl>
    <uiTimeout>{{ rest_api_config.uiTimeout }}</uiTimeout>
    {% else %}
    <baseUrl>http://{{ floating_ip_address }}/nexus</baseUrl>
    <forceBaseUrl>true</forceBaseUrl>
    <uiTimeout>{{ rest_api_config.uiTimeout }}</uiTimeout>
    {%- endif %}
  </restApi>
  <httpProxy>
    <enabled>{{ http_proxy_config.enabled }}</enabled>
    <port>{{ http_proxy_config.port }}</port>
    <proxyPolicy>{{ http_proxy_config.proxyPolicy }}</proxyPolicy>
  </httpProxy>
  <routing>
    <resolveLinks>{{ routing_config.resolveLinks }}</resolveLinks>
  </routing>
  <repositories>
{%- for repository in repositories %}
    <repository>
      <id>{{ repository.id }}</id>
      <name>{{ repository.name }}</name>
{%- if repository.providerRole is defined %}
      <providerRole>{{ repository.providerRole }}</providerRole>
{%- endif %}
      <providerHint>{{ repository.providerHint }}</providerHint>
      <localStatus>{{ repository.localStatus }}</localStatus>
{%- if repository.notFoundCacheActive is defined %}
      <notFoundCacheActive>{{ repository.notFoundCacheActive }}</notFoundCacheActive>
{%- endif %}
{%- if repository.notFoundCacheTTL is defined %}
      <notFoundCacheTTL>{{ repository.notFoundCacheTTL }}</notFoundCacheTTL>
{%- endif %}
      <userManaged>{{ repository.userManaged }}</userManaged>
      <exposed>{{ repository.exposed }}</exposed>
      <browseable>{{ repository.browseable }}</browseable>
      <writePolicy>{{ repository.writePolicy }}</writePolicy>
{%- if repository.indexable is defined %}
      <indexable>{{ repository.indexable }}</indexable>
{%- endif %}
{%- if repository.searchable is defined %}
      <searchable>{{ repository.searchable }}</searchable>
{%- endif %}
      <localStorage>
        <provider>{{ repository.localStorage }}</provider>
      </localStorage>
{%- if repository.remoteStorage is defined %}
      <remoteStorage>
        <url>{{ repository.remoteStorage }}</url>
      </remoteStorage>
{%- endif %}
      <externalConfiguration>
{%- if repository.externalConfiguration_masterRepositoryId is defined %}
        <masterRepositoryId>{{ repository.externalConfiguration_masterRepositoryId }}</masterRepositoryId>
{%- endif %}
{%- if repository.externalConfiguration_syncAtStartup is defined %}
        <syncAtStartup>{{ repository.externalConfiguration_syncAtStartup }}</syncAtStartup>
{%- endif %}
{%- if repository.externalConfiguration_proxyMode is defined %}
        <proxyMode>{{ repository.externalConfiguration_proxyMode }}</proxyMode>
{%- endif %}
{%- if repository.externalConfiguration_artifactMaxAge is defined %}
        <artifactMaxAge>{{ repository.externalConfiguration_artifactMaxAge }}</artifactMaxAge>
{%- endif %}
{%- if repository.externalConfiguration_metadataMaxAge is defined %}
        <metadataMaxAge>{{ repository.externalConfiguration_metadataMaxAge }}</metadataMaxAge>
{%- endif %}
{%- if repository.externalConfiguration_itemMaxAge is defined %}
        <itemMaxAge>{{ repository.externalConfiguration_itemMaxAge }}</itemMaxAge>
{%- endif %}
{%- if repository.externalConfiguration_autoBlockActive is defined %}
        <autoBlockActive>{{ repository.externalConfiguration_autoBlockActive }}</autoBlockActive>
{%- endif %}
{%- if repository.externalConfiguration_cleanseRepositoryMetadata is defined %}
        <cleanseRepositoryMetadata>{{ repository.externalConfiguration_cleanseRepositoryMetadata }}</cleanseRepositoryMetadata>
{%- endif %}
{%- if repository.externalConfiguration_downloadRemoteIndex is defined %}
        <downloadRemoteIndex>{{ repository.externalConfiguration_downloadRemoteIndex }}</downloadRemoteIndex>
{%- endif %}
{%- if repository.externalConfiguration_checksumPolicy is defined %}
        <checksumPolicy>{{ repository.externalConfiguration_checksumPolicy }}</checksumPolicy>
{%- endif %}
{%- if repository.externalConfiguration_fileTypeValidation is defined %}
        <fileTypeValidation>{{ repository.externalConfiguration_fileTypeValidation }}</fileTypeValidation>
{%- endif %}
{%- if repository.externalConfiguration_repositoryPolicy is defined %}
        <repositoryPolicy>{{ repository.externalConfiguration_repositoryPolicy }}</repositoryPolicy>
{%- endif %}
{%- if repository.externalConfiguration_mergeMetadata is defined %}
        <mergeMetadata>{{ repository.externalConfiguration_mergeMetadata }}</mergeMetadata>
{%- endif %}
{%- if repository.externalConfiguration_memberRepositories is defined %}
        <memberRepositories>
{%- for memberRepository in repository.externalConfiguration_memberRepositories %}
          <memberRepository>{{ memberRepository }}</memberRepository>
{%- endfor %}
        </memberRepositories>
{%- endif %}
{%- if repository.externalConfiguration_welcomeFiles is defined %}
        <welcomeFiles>
{%- for welcomefile in repository.externalConfiguration_welcomeFiles %}
          <welcomeFile>{{ welcomefile }}</welcomeFile>
{%- endfor %}
        </welcomeFiles>
{%- endif %}
      </externalConfiguration>
    </repository>
{%- endfor %}
  </repositories>
  <repositoryGrouping>
    <pathMappings>
{%- for path_mapping in repository_groupings %}
      <pathMapping>
        <id>{{ path_mapping.id }}</id>
        <groupId>{{ path_mapping.groupId }}</groupId>
        <routeType>{{ path_mapping.routeType }}</routeType>
        <routePatterns>
{%- for routePattern in path_mapping.routePatterns %}
          <routePattern>{{ routePattern }}</routePattern>
{%- endfor %}
        </routePatterns>
        <repositories>
{%- for repository in path_mapping.repositories %}
          <repository>{{ repository }}</repository>
{%- endfor %}
        </repositories>
      </pathMapping>
{%- endfor %}
    </pathMappings>
  </repositoryGrouping>
  <repositoryTargets>
{%- for repository_target in repository_targets %}
    <repositoryTarget>
      <id>{{ repository_target.id }}</id>
      <name>{{ repository_target.name }}</name>
      <contentClass>{{ repository_target.contentClass }}</contentClass>
      <patterns>
        <pattern>{{ repository_target.pattern }}</pattern>
      </patterns>
    </repositoryTarget>
{%- endfor %}
  </repositoryTargets>
{%- if nexus_tasks is defined %}
 <tasks>
{%- for task in nexus_tasks %}
    <task>
      <id>{{ task.id }}</id>
      <name>{{ task.name }}</name>
      <enabled>{{ task.enabled }}</enabled>
      <type>{{ task.type }}</type>
      <status>{{ task.status }}</status>
      <nextRun>{{ task.nextRun }}</nextRun>
      <schedule>
        <type>{{ task.schedule_type }}</type>
        <startDate>{{ task.schedule_startDate }}</startDate>
      </schedule>
{%- if task.property is defined %}
      <properties>
{%- for property in task.property %}
        <property>
          <key>{{ property.key }}</key>
          <value>{{ property.value }}</value>
        </property>
{%- endfor %}
      </properties>
{%- endif %}
    </task>
{%- endfor %}
  </tasks>
{%- endif %}
  <smtpConfiguration>
    <hostname>{{ smtp_config.hostname }}</hostname>
    <port>{{ smtp_config.port }}</port>
    <username>{{ smtp_config.username }}</username>
    <password>{{ smtp_config.password }}</password>
    <tlsEnabled>{{ smtp_config.tlsEnabled }}</tlsEnabled>
    <systemEmailAddress>{{ smtp_config.systemEmailAddress }}</systemEmailAddress>
  </smtpConfiguration>
  <notification>
    <notificationTargets>
{%- for notificationTarget in notification_targets %}
      <notificationTarget>
        <targetId>{{ notificationTarget }}</targetId>
      </notificationTarget>
{%- endfor %}
    </notificationTargets>
  </notification>
</nexusConfiguration>