{%- set security_configuration = salt['grains.get']('nexus:security_configuration', salt['pillar.get']('nexus:security_configuration', {})) -%}

<?xml version="1.0"?>
<security-configuration>
  <version>2.0.8</version>
  <anonymousAccessEnabled>{{ security_configuration.anonymousAccessEnabled }}</anonymousAccessEnabled>
  <anonymousUsername>{{ security_configuration.anonymousUsername }}</anonymousUsername>
  <anonymousPassword>{{ security_configuration.anonymousPassword }}</anonymousPassword>
  <realms>
{%- for realm in security_configuration.realms %}
    <realm>{{ realm }}</realm>
{%- endfor %}
  </realms>
  <hashIterations>{{ security_configuration.hashIterations }}</hashIterations>
</security-configuration>