{%- set users = salt['grains.get']('nexus:security:users', salt['pillar.get']('nexus:security:users', {})) -%}
{%- set roles = salt['grains.get']('nexus:security:roles', salt['pillar.get']('nexus:security:roles', {})) -%}
{%- set privileges = salt['grains.get']('nexus:security:privileges', salt['pillar.get']('nexus:security:privileges', {})) -%}
{%- set user_role_mappings = salt['grains.get']('nexus:security:user_role_mappings', salt['pillar.get']('nexus:security:user_role_mappings', {})) -%}

<?xml version="1.0" encoding="UTF-8"?>
<security>
  <version>2.0.5</version>
  <users>
{%- for user in users %}
    <user>
      <id>{{ user.id }}</id>
      <firstName>{{ user.firstName }}</firstName>
      <lastName>{{ user.lastName }}</lastName>
      <password>{{ user.password }}</password>
      <status>{{ user.status }}</status>
      <email>{{ user.email }}</email>
    </user>
{%- endfor %}
  </users>
  <roles>
{%- for role in roles %}
    <role>
      <id>{{ role.id }}</id>
      <name>{{ role.name }}</name>
      <description>{{ role.description }}</description>
      <roles>
{%- for permission in role.permissions %}
        <role>{{ permission }}</role>
{%- endfor %}
      </roles>
    </role>
{%- endfor %}
  </roles>
  <privileges>
  </privileges>
  <userRoleMappings>
{%- for user_role_mapping in user_role_mappings %}
    <userRoleMapping>
      <userId>{{ user_role_mapping.userId }}</userId>
      <source>{{ user_role_mapping.source }}</source>
      <roles>
{%- for permission in user_role_mapping.permissions %}
        <role>{{ permission }}</role>
{%- endfor %}
      </roles>
    </userRoleMapping>
{%- endfor %}
  </userRoleMappings>
</security>