{%- if grains['kernel'] == 'Windows' %}
{%- from "windows/hostname.jinja" import hostname -%}
{%- set host = hostname(host_only=True) -%}
{%- else -%}
{%- set host = salt['grains.get']('host') -%}
{%- endif -%}
{%- set oracle_sid = salt['cmd.run']( "tail -1 /etc/oratab | awk -F: '{print $1}'" ) -%}
{%- set oracle_home = salt['cmd.run']( "tail -1 /etc/oratab | awk -F: '{print $2}'" ) -%}
{%- if salt['grains.get']('environment','') == 'mgmt' -%}
{%- set policy = salt['pillar.get']('commvault:policy_join:bdc_policy', {}) -%}
{%- else -%}
{%- set policy = salt['pillar.get']('commvault:policy_join:rs_policy', {}) %}
{%- endif -%}
<App_CreateInstanceRequest>
	<instanceProperties>
		<billableDepartment>
			<name/>
		</billableDepartment>
		<description/>
		<instance>
			<appName>oracle</appName>
			<clientName>{{ host }}</clientName>
			<instanceName>{{ oracle_sid }}</instanceName>
		</instance>
		<oracleInstance>
			<TNSAdminPath/>
			<blockSize/>
			<catalogConnect>
				<domainName/>
				<password/>
				<userName/>
			</catalogConnect>
			<crossCheckTimeout/>
			<ctrlFileAutoBackup/>
			<dataArchiveGroup>
				<storagePolicyName>{{ policy }}</storagePolicyName>
			</dataArchiveGroup>
			<disableRMANcrosscheck>false</disableRMANcrosscheck>
			<encryptionFlag>ENC_NONE</encryptionFlag>
			<isOnDemand>false</isOnDemand>
			<numberOfArchiveLogBackupStreams>1</numberOfArchiveLogBackupStreams>
			<oracleHome>{{ oracle_home }}</oracleHome>
			<oracleStorageDevice>
				<commandLineStoragePolicy>
					<storagePolicyName>{{ policy }}</storagePolicyName>
				</commandLineStoragePolicy>
				<deDuplicationOptions>
					<generateSignature>ON_CLIENT</generateSignature>
				</deDuplicationOptions>
				<logBackupStoragePolicy>
					<storagePolicyName>{{ policy }}</storagePolicyName>
				</logBackupStoragePolicy>
				<networkAgents>1</networkAgents>
				<softwareCompression>ON_CLIENT</softwareCompression>
				<throttleNetworkBandwidth>0</throttleNetworkBandwidth>
			</oracleStorageDevice>
			<oracleUser>
				<domainName/>
				<password/>
				<userName>oracle</userName>
			</oracleUser>
			<overrideDataPathsForCmdPolicy>false</overrideDataPathsForCmdPolicy>
			<overrideDataPathsForLogPolicy>false</overrideDataPathsForLogPolicy>
			<sqlConnect>
				<domainName/>
				<password/>
				<userName>/</userName>
			</sqlConnect>
			<useCatalogConnect>false</useCatalogConnect>
		</oracleInstance>
		<security/>
	</instanceProperties>
</App_CreateInstanceRequest>
