{%- if grains['kernel'] == 'Windows' %}
{%- from "windows/hostname.jinja" import hostname -%}
{%- set host = hostname(host_only=True) -%}
{%- else -%}
{%- set host = salt['grains.get']('host') -%}
{%- endif -%}
{%- if salt['grains.get']('environment','') == 'mgmt' -%}
{%- set policy = salt['pillar.get']('commvault:policy_join:bdc_policy', {}) -%}
{%- else -%}
{%- set policy = salt['pillar.get']('commvault:policy_join:rs_policy', {}) -%}
{%- endif -%}
<App_UpdateSubClientPropertiesRequest>
  <association>
    <entity>
      <clientName>{{ host }}</clientName>
      <appName>File System</appName>
      <backupsetName>defaultBackupSet</backupsetName>
      <subclientName>default</subclientName>
    </entity>
  </association>
  <subClientProperties>
    <commonProperties>
      <storageDevice>
        <dataBackupStoragePolicy>
          <storagePolicyName>{{ policy }}</storagePolicyName>
        </dataBackupStoragePolicy>
      </storageDevice>
    </commonProperties>
  </subClientProperties>
</App_UpdateSubClientPropertiesRequest>
