<?xml version="1.0" encoding="UTF-8" standalone="no"?>
<ServerSettings DomainId="4B274543313C3F2B0123DE7602253168" NameSpace="rpc">
  <CommConf>
    <AgentCommunicationSetting AllowClientUploadCriticalEventImmediately="0" AlwaysConnect="1" CommunicationMode="PULL" DisableDownloadProfile="0" Kcs="A5C9520618885E20A1054E0F2F5BB6D9" PullHeartbeatSeconds="10800" RandomizationEnabled="1" RandomizationRange="3600" RememberCurrentGroup="0" RememberCurrentPolicyMode="1" UploadCmdStateHeartbeatSeconds="300" UploadLearnedApp="0" UploadLogHeartbeatSeconds="300" UploadOpStateHeartbeatSeconds="300"/>
    <ServerList Name="Cloud SOC and BDC">
      <ServerPriorityBlock Name="Priority1">
        <Server Address="10.155.30.162" HttpPort="8014" HttpsVerifyCA="0" VerifySignatures="1"/>
        <Server Address="10.155.30.163" HttpPort="8014" HttpsVerifyCA="0" VerifySignatures="1"/>
      </ServerPriorityBlock>
    </ServerList>
    <ServerCertList>
      <Certificate Name="TDCR-APSNP-SV02">MIICTTCCAbagAwIBAgIEThcw+jANBgkqhkiG9w0BAQUFADBrMQswCQYDVQQGEwJVUzELMAkGA1UE&#13;
CBMCQ0ExEDAOBgNVBAcTB0ZyZW1vbnQxFTATBgNVBAoTDHN5bWFudGVjLmNvbTEMMAoGA1UECxMD&#13;
c2NtMRgwFgYDVQQDEw9URENSLUFQU05QLVNWMDIwHhcNMTEwNzA4MTYzMTU0WhcNMjEwNzA1MTYz&#13;
MTU0WjBrMQswCQYDVQQGEwJVUzELMAkGA1UECBMCQ0ExEDAOBgNVBAcTB0ZyZW1vbnQxFTATBgNV&#13;
BAoTDHN5bWFudGVjLmNvbTEMMAoGA1UECxMDc2NtMRgwFgYDVQQDEw9URENSLUFQU05QLVNWMDIw&#13;
gZ8wDQYJKoZIhvcNAQEBBQADgY0AMIGJAoGBAIQPbJP4NV7wcmyKVvbdq2NKYAzw41UE9y5J6VEi&#13;
kS4ZyCQf5kNWmCVN4eM/MKuNhvI4/H3LaoIJezWSWdfMGK0IITreYVTIljHHHMklQwj/Rqr/9r/m&#13;
mPqX1T57DlAa83tmwHKpdLuAKTsjmhDqLbQpoCmcLEyys+/5QMbsIlDTAgMBAAEwDQYJKoZIhvcN&#13;
AQEFBQADgYEAGNbdJYabvb7A17kTpb3zGe4F4EsgaJwfC455QjyPnjeJyBEooSfMrbeHnbnrcQfr&#13;
UZL2IbtCTgtUz36z3RJCBhShSonLQebNrOgpe1lzgUDoVS9vkYS3TCur/C3yOPm52/0nN26Qbssx&#13;
OdojBqTyuQ1u3/KfJXUaQULGhlU83QQ=</Certificate>
      <Certificate Name="TDCR-APSNP-SV03">MIICTTCCAbagAwIBAgIEThsAPDANBgkqhkiG9w0BAQUFADBrMQswCQYDVQQGEwJVUzELMAkGA1UE&#13;
CBMCQ0ExEDAOBgNVBAcTB0ZyZW1vbnQxFTATBgNVBAoTDHN5bWFudGVjLmNvbTEMMAoGA1UECxMD&#13;
c2NtMRgwFgYDVQQDEw9URENSLUFQU05QLVNWMDMwHhcNMTEwNzExMTM1MzAwWhcNMjEwNzA4MTM1&#13;
MzAwWjBrMQswCQYDVQQGEwJVUzELMAkGA1UECBMCQ0ExEDAOBgNVBAcTB0ZyZW1vbnQxFTATBgNV&#13;
BAoTDHN5bWFudGVjLmNvbTEMMAoGA1UECxMDc2NtMRgwFgYDVQQDEw9URENSLUFQU05QLVNWMDMw&#13;
gZ8wDQYJKoZIhvcNAQEBBQADgY0AMIGJAoGBAJ+IRcORE4faZ8/amGavJ2ZL/q7xbWbIiCwGUslB&#13;
B48a8uoA5q3FCysdHMuowu38oGWK7iBzlFvMBtN1TRoheXiYdoWHkJRnUm545wb1F48VeHdLt62i&#13;
y2sXf3fcZt8px4Jeowuw7vC66tXD7b8MhnazpEGfA2T1NzbMI+mW4X/hAgMBAAEwDQYJKoZIhvcN&#13;
AQEFBQADgYEAEUPsqweGFqn0wjkczsyi+9ayKzBk9eVYMgmQ60tLH4EEC5lDS+BttxgzH3aix9QY&#13;
dq37tjtGqDlRMvhQ53WU1bRhMFzAg+aD/6lE7btn+WrchrPm/OVRcN99prdTS5WIbTnCwtzb9fKc&#13;
Bkpy1jV8+JWNTD+8bRg4NpdEpEJOmqE=</Certificate>
      <Certificate Name="TDCR-APSNP-SV04">MIICTTCCAbagAwIBAgIEThsq3jANBgkqhkiG9w0BAQUFADBrMQswCQYDVQQGEwJVUzELMAkGA1UE&#13;
CBMCQ0ExEDAOBgNVBAcTB0ZyZW1vbnQxFTATBgNVBAoTDHN5bWFudGVjLmNvbTEMMAoGA1UECxMD&#13;
c2NtMRgwFgYDVQQDEw9URENSLUFQU05QLVNWMDQwHhcNMTEwNzExMTY1NDU0WhcNMjEwNzA4MTY1&#13;
NDU0WjBrMQswCQYDVQQGEwJVUzELMAkGA1UECBMCQ0ExEDAOBgNVBAcTB0ZyZW1vbnQxFTATBgNV&#13;
BAoTDHN5bWFudGVjLmNvbTEMMAoGA1UECxMDc2NtMRgwFgYDVQQDEw9URENSLUFQU05QLVNWMDQw&#13;
gZ8wDQYJKoZIhvcNAQEBBQADgY0AMIGJAoGBAIJtGP8x8Xx+Nv0wjsVWP25pmivmWlSbyPdXGfKK&#13;
OFki6XBjdk4PtIv0zZUmMLoZcUiokcwxi7dvUDWM8LL35PzywAwaTRgIgsWKH79kwMezJ7KcEtjO&#13;
9afqYXO8pWNgolM2yfoBlmR2kObXZK0ot4yZ6migAfzxzbQ5O+U/EGuLAgMBAAEwDQYJKoZIhvcN&#13;
AQEFBQADgYEAVJRsd3wlHxxBZsNL2EVQOKQHyeWFJnFUYt1zRaH6Q277VjumJ0Ye9R9tYJqLDBdV&#13;
55OzqtATZXfbNlUEAdJt0XXty9SXvHuvYo2SHRoXqBwsPuoD4U0INxuJK6f5BkrhKQbsLT5LNSSN&#13;
gRXZefPjOJx7/DZH36fcLgV8uTAEaBw=</Certificate>
      <Certificate Name="TDCR-APSNP-SV05">MIICTTCCAbagAwIBAgIEThswKjANBgkqhkiG9w0BAQUFADBrMQswCQYDVQQGEwJVUzELMAkGA1UE&#13;
CBMCQ0ExEDAOBgNVBAcTB0ZyZW1vbnQxFTATBgNVBAoTDHN5bWFudGVjLmNvbTEMMAoGA1UECxMD&#13;
c2NtMRgwFgYDVQQDEw9URENSLUFQU05QLVNWMDUwHhcNMTEwNzExMTcxNzMwWhcNMjEwNzA4MTcx&#13;
NzMwWjBrMQswCQYDVQQGEwJVUzELMAkGA1UECBMCQ0ExEDAOBgNVBAcTB0ZyZW1vbnQxFTATBgNV&#13;
BAoTDHN5bWFudGVjLmNvbTEMMAoGA1UECxMDc2NtMRgwFgYDVQQDEw9URENSLUFQU05QLVNWMDUw&#13;
gZ8wDQYJKoZIhvcNAQEBBQADgY0AMIGJAoGBAKG+GKc59INQykcT7h9JPObC81Mbp0L35QUsp+H9&#13;
DvtCvqp1DZHsDDz8nHfkHDLVdkZOZfOB7D2nAEWEyOFK2jEr9IDgtQhbcoWuJ/bhtGKUjj9vdaUy&#13;
0lsE9TPifkyHrLrgyarWSIkng2otmklP8bJ0qQiPJYfWrxSlSFSqB9DTAgMBAAEwDQYJKoZIhvcN&#13;
AQEFBQADgYEAEJlHHozmaX4frPIuvFJWV6981zfa6wOcySCNbqRSSISY2/kO2GxCNMpOrPpuqGB+&#13;
xBu8EOwTIoG4ut2DkNjWziJhbgeTHc1G0bqyIZ1xbls3Z5Z1h+apLs76CgNBJ+sr57y8sM3b0/Oz&#13;
a2biC0nFmW/FMi3hiEwLcNk3KgKrJXQ=</Certificate>
      <Certificate Name="TDCR-APSNP-SV06">MIICTTCCAbagAwIBAgIEThsxdDANBgkqhkiG9w0BAQUFADBrMQswCQYDVQQGEwJVUzELMAkGA1UE&#13;
CBMCQ0ExEDAOBgNVBAcTB0ZyZW1vbnQxFTATBgNVBAoTDHN5bWFudGVjLmNvbTEMMAoGA1UECxMD&#13;
c2NtMRgwFgYDVQQDEw9URENSLUFQU05QLVNWMDYwHhcNMTEwNzExMTcyMzAwWhcNMjEwNzA4MTcy&#13;
MzAwWjBrMQswCQYDVQQGEwJVUzELMAkGA1UECBMCQ0ExEDAOBgNVBAcTB0ZyZW1vbnQxFTATBgNV&#13;
BAoTDHN5bWFudGVjLmNvbTEMMAoGA1UECxMDc2NtMRgwFgYDVQQDEw9URENSLUFQU05QLVNWMDYw&#13;
gZ8wDQYJKoZIhvcNAQEBBQADgY0AMIGJAoGBAJcT7Ea8orovDIVDM4M/4RAh/ot1zwCtJ7Sf9ylO&#13;
VQHM0I61M5T7lX66zxmNeV8CwuxsIOUFACRy7bkEFMZs5uDLTXXR5foevhMg7dy14T6DIUxsqEdz&#13;
+AHZ+V2a7uW+SFEVt2oBlx22aIgnewAf8Pg0VKdgCzueD7H2gMIrgRZ9AgMBAAEwDQYJKoZIhvcN&#13;
AQEFBQADgYEAZOrlC/3DwuCy/BG8DpVzC1oN2CPlrMeAdPSEkhEz8ng3yZ9k9mtFlqXDo3wQPfzX&#13;
bsVajHcCIKQZvpgbO8BJ5mknUxGxZRNRNKNhb8Rapb+9++Hv7txwN3yKMMyr8DNhpkO4aWvbNeaj&#13;
sr6v4SyfMY18gpv7KsEOxg3YeueCuV0=</Certificate>
      <Certificate Name="TDCR-APSNP-SV07">MIICTTCCAbagAwIBAgIEThsx7DANBgkqhkiG9w0BAQUFADBrMQswCQYDVQQGEwJVUzELMAkGA1UE&#13;
CBMCQ0ExEDAOBgNVBAcTB0ZyZW1vbnQxFTATBgNVBAoTDHN5bWFudGVjLmNvbTEMMAoGA1UECxMD&#13;
c2NtMRgwFgYDVQQDEw9URENSLUFQU05QLVNWMDcwHhcNMTEwNzExMTcyNTAwWhcNMjEwNzA4MTcy&#13;
NTAwWjBrMQswCQYDVQQGEwJVUzELMAkGA1UECBMCQ0ExEDAOBgNVBAcTB0ZyZW1vbnQxFTATBgNV&#13;
BAoTDHN5bWFudGVjLmNvbTEMMAoGA1UECxMDc2NtMRgwFgYDVQQDEw9URENSLUFQU05QLVNWMDcw&#13;
gZ8wDQYJKoZIhvcNAQEBBQADgY0AMIGJAoGBAJqz0fvgaH0rQJH1fQMqlvgVvwzLTqtEzUeMNlHx&#13;
hyLbYUkvdIKwx7cp2+1CnMapZS+E8fL+mOkhjLmnia6SMnFXjBWG90d1kkvbtRhnJLoUeEnPpBot&#13;
iXmcw0WP1dvsJjXEG6ACYRxb+GS87R7CMpI55o9xJ+p+/2fiJwvC5uQnAgMBAAEwDQYJKoZIhvcN&#13;
AQEFBQADgYEAXPGz6q0amz2eE7wxZ+lu0EgUbRS5rTly2pOXJBY3Xq9o5SBrj3XETEaRy5MO9uzj&#13;
EW2zGQir3J7lpBlf4Zvui2bV+IqghQM8J3Oku8+TpVFh7uuXkMVV2b+kB3ao+xc5/+IQhFb7vZkD&#13;
/LgUbhlbXlWG2+kCFAyydBMdn9UaEqA=</Certificate>
      <Certificate Name="CRAAPVBC01SNP">MIICSTCCAbKgAwIBAgIEUHRwsDANBgkqhkiG9w0BAQUFADBpMQswCQYDVQQGEwJVUzELMAkGA1UE&#13;
CBMCQ0ExEDAOBgNVBAcTB0ZyZW1vbnQxFTATBgNVBAoTDHN5bWFudGVjLmNvbTEMMAoGA1UECxMD&#13;
c2NtMRYwFAYDVQQDEw1DUkFBUFZCQzAxU05QMB4XDTEyMTAwOTE4NDUwNFoXDTIyMTAwNzE4NDUw&#13;
NFowaTELMAkGA1UEBhMCVVMxCzAJBgNVBAgTAkNBMRAwDgYDVQQHEwdGcmVtb250MRUwEwYDVQQK&#13;
EwxzeW1hbnRlYy5jb20xDDAKBgNVBAsTA3NjbTEWMBQGA1UEAxMNQ1JBQVBWQkMwMVNOUDCBnzAN&#13;
BgkqhkiG9w0BAQEFAAOBjQAwgYkCgYEAmRZVYDL5F1yMvkBCqQveaTExG/QtR8ip0j7YoZ/yl/GY&#13;
+6T0xoMD2+Sg24rvFf1XQGHzmv0AMm1WdHaYlaALlRFFleMydI9aNUEUYGS8TeSVIWLJkEfZl9q9&#13;
Dg7U4uEjclJ4fuK1hIelXuhVrdaZO30bwv8YlsfKywhgIF3Vef8CAwEAATANBgkqhkiG9w0BAQUF&#13;
AAOBgQB0ekp8taC/46KgWf2WVGCy3EsuHUrIWjqyXCOm13UcgBUDDcCTljG3K1c2ZmnC0zls9qPH&#13;
sD9cUT5k1ES4zvSG0/x79Kc1UdpSXfa0ll7o1uTc2UHDyV8+eMK99Xz8leAq4c1WonrPQN6F1G/j&#13;
CYpTt0AzUOhHhcxnQ1CmZyIQkQ==</Certificate>
      <Certificate Name="CRAAPVBC02SNP">MIICSTCCAbKgAwIBAgIEUHWIBjANBgkqhkiG9w0BAQUFADBpMQswCQYDVQQGEwJVUzELMAkGA1UE&#13;
CBMCQ0ExEDAOBgNVBAcTB0ZyZW1vbnQxFTATBgNVBAoTDHN5bWFudGVjLmNvbTEMMAoGA1UECxMD&#13;
c2NtMRYwFAYDVQQDEw1DUkFBUFZCQzAyU05QMB4XDTEyMTAxMDE0MzY1NFoXDTIyMTAwODE0MzY1&#13;
NFowaTELMAkGA1UEBhMCVVMxCzAJBgNVBAgTAkNBMRAwDgYDVQQHEwdGcmVtb250MRUwEwYDVQQK&#13;
EwxzeW1hbnRlYy5jb20xDDAKBgNVBAsTA3NjbTEWMBQGA1UEAxMNQ1JBQVBWQkMwMlNOUDCBnzAN&#13;
BgkqhkiG9w0BAQEFAAOBjQAwgYkCgYEAhzZTcT0jnHvQ78d62dh0YbRmmEdqQdUPYV9Ev9hUcnZz&#13;
9Eb6KIFpgmd3rfxFXNofmIgBwacivEpOBgoF+xn2WunB1L/0K3CkvkmkGLl3qrwcKkQDZOwFjiEb&#13;
KUX1XhOkQfFXC760YaLldtlskZn0yTjQ32PXa8FIxllxKR0wB58CAwEAATANBgkqhkiG9w0BAQUF&#13;
AAOBgQBsmT/RYL8m9CEy1nmjHvlqBAllJsUtGKEgIZX8wwOTHIJm0PeDJPMIDeJg9mGzD7VUuoo2&#13;
NMlzRqVEId1hRBrM32ayc+YcFsIbVVVWTpq/hYuu1EyEqQ3PVul2hNaD29G2rto8wE3Ys8xqf16f&#13;
EjDbOKRkp9FnXunzBhP9yP2uBg==</Certificate>
      <Certificate Name="CRAAPVBC03SNP">MIICSTCCAbKgAwIBAgIEUHWI7zANBgkqhkiG9w0BAQUFADBpMQswCQYDVQQGEwJVUzELMAkGA1UE&#13;
CBMCQ0ExEDAOBgNVBAcTB0ZyZW1vbnQxFTATBgNVBAoTDHN5bWFudGVjLmNvbTEMMAoGA1UECxMD&#13;
c2NtMRYwFAYDVQQDEw1DUkFBUFZCQzAzU05QMB4XDTEyMTAxMDE0NDA0N1oXDTIyMTAwODE0NDA0&#13;
N1owaTELMAkGA1UEBhMCVVMxCzAJBgNVBAgTAkNBMRAwDgYDVQQHEwdGcmVtb250MRUwEwYDVQQK&#13;
EwxzeW1hbnRlYy5jb20xDDAKBgNVBAsTA3NjbTEWMBQGA1UEAxMNQ1JBQVBWQkMwM1NOUDCBnzAN&#13;
BgkqhkiG9w0BAQEFAAOBjQAwgYkCgYEAjLJ7gPpwuTdL8WZTbYsvw/V5Ff4qP6c0B66nZD5kSnt5&#13;
STy49byLf4o15y0MT8tEQ31r+IvMdZq17bSC8mh+x/7I3HnIiHmmByokFW+lXeKH8lqFIvDSBg7L&#13;
wpTZUH+EzttJCfnjG484gKUSOUYE+ziq4+M7Cco0IbvjRh4SeAMCAwEAATANBgkqhkiG9w0BAQUF&#13;
AAOBgQB5VWVeMeGoahQF9Aze8Bn3YZh/eAVJQ7/UMpfNiXf7tX/9FhXJ/rXBePq011pMOeAJg54i&#13;
rSpF9hoYbRyeRZ8r7wKsQzvKeKisgLOL01DzniEx3qQM/KDxIuEA9rTM9uIET3CmDZ6ORzRQ5tmu&#13;
zzJPqDJQY7WcUZk78B7sGrDolg==</Certificate>
      <Certificate Name="CRAAPVBC04SNP">MIICSTCCAbKgAwIBAgIEUHWJQzANBgkqhkiG9w0BAQUFADBpMQswCQYDVQQGEwJVUzELMAkGA1UE&#13;
CBMCQ0ExEDAOBgNVBAcTB0ZyZW1vbnQxFTATBgNVBAoTDHN5bWFudGVjLmNvbTEMMAoGA1UECxMD&#13;
c2NtMRYwFAYDVQQDEw1DUkFBUFZCQzA0U05QMB4XDTEyMTAxMDE0NDIxMVoXDTIyMTAwODE0NDIx&#13;
MVowaTELMAkGA1UEBhMCVVMxCzAJBgNVBAgTAkNBMRAwDgYDVQQHEwdGcmVtb250MRUwEwYDVQQK&#13;
EwxzeW1hbnRlYy5jb20xDDAKBgNVBAsTA3NjbTEWMBQGA1UEAxMNQ1JBQVBWQkMwNFNOUDCBnzAN&#13;
BgkqhkiG9w0BAQEFAAOBjQAwgYkCgYEAlskDSm832GPXPDbXkr8pZxStLIjppVqUHnGMstKM7QYw&#13;
CwgBPj5IKqAcNT/PrW6iKGinmoy8LeOn353YAOCD9so3EKlqbH5Qtc8h9NF6DiN5ufz0SELsc+Lf&#13;
woClQOJOiFpQLiRqu/vdfcURiBc1PYm7YJ9cmKuVPV+SgtGgl2ECAwEAATANBgkqhkiG9w0BAQUF&#13;
AAOBgQAqxLGeQrOyX7xBBYmwJ4Q7ridN1YLsz8/wrj46mEW0UMV6qZZV+OCbf5rifK/fY6xpm6Tj&#13;
xNeQE/OZlkhdMwW7Rft+eRpe3FcV1ugQV4/y8kmsKCt8xqSHou0lNoNfxcQ43WzkjVUMMRgfcRh4&#13;
4LlBL/YUrmA0Nqrft443hVxmmw==</Certificate>
      <Certificate Name="CRAAPVBC05SNP">MIICSTCCAbKgAwIBAgIEUHWKizANBgkqhkiG9w0BAQUFADBpMQswCQYDVQQGEwJVUzELMAkGA1UE&#13;
CBMCQ0ExEDAOBgNVBAcTB0ZyZW1vbnQxFTATBgNVBAoTDHN5bWFudGVjLmNvbTEMMAoGA1UECxMD&#13;
c2NtMRYwFAYDVQQDEw1DUkFBUFZCQzA1U05QMB4XDTEyMTAxMDE0NDczOVoXDTIyMTAwODE0NDcz&#13;
OVowaTELMAkGA1UEBhMCVVMxCzAJBgNVBAgTAkNBMRAwDgYDVQQHEwdGcmVtb250MRUwEwYDVQQK&#13;
EwxzeW1hbnRlYy5jb20xDDAKBgNVBAsTA3NjbTEWMBQGA1UEAxMNQ1JBQVBWQkMwNVNOUDCBnzAN&#13;
BgkqhkiG9w0BAQEFAAOBjQAwgYkCgYEAlCzcpPpntC5ZxYUjV9E9u9vUhIrLlGCjGKt30T6rrh04&#13;
x43BakbDaXHalcjtSeHx5/u4yca4v83afUeOTPcjqu5gt8eyFFqBsBQg4iSCTEuVFVvcocp5/utv&#13;
KiVM7TEeaaQKpYRNow8/IK64v7Cf1CblG3j9fwV1u09P4TXt7ZUCAwEAATANBgkqhkiG9w0BAQUF&#13;
AAOBgQAi+rBAbOQ+/FLZGoUVrtIHEzL11xvo8E4R9WKKPZ2sXDJBh5Mf604Mdm3PkUeuiBZChnE0&#13;
O5FR7uWofaI77Mn4+K3HL+VijbdyiSiljH4/9DIgEI9Zqmy1CMA17QJBZivQy0EjlhrwTvftp9BN&#13;
f5Jc8Gn3nn52PK7MDDZcXsZ/0Q==</Certificate>
      <Certificate Name="CRAAPVBC06SNP">MIICSTCCAbKgAwIBAgIEUHWK6zANBgkqhkiG9w0BAQUFADBpMQswCQYDVQQGEwJVUzELMAkGA1UE&#13;
CBMCQ0ExEDAOBgNVBAcTB0ZyZW1vbnQxFTATBgNVBAoTDHN5bWFudGVjLmNvbTEMMAoGA1UECxMD&#13;
c2NtMRYwFAYDVQQDEw1DUkFBUFZCQzA2U05QMB4XDTEyMTAxMDE0NDkxNVoXDTIyMTAwODE0NDkx&#13;
NVowaTELMAkGA1UEBhMCVVMxCzAJBgNVBAgTAkNBMRAwDgYDVQQHEwdGcmVtb250MRUwEwYDVQQK&#13;
EwxzeW1hbnRlYy5jb20xDDAKBgNVBAsTA3NjbTEWMBQGA1UEAxMNQ1JBQVBWQkMwNlNOUDCBnzAN&#13;
BgkqhkiG9w0BAQEFAAOBjQAwgYkCgYEAlhpvxhTPNUmwGMkBRhkSqLbKP2MKcULfyLZzvykSCGtA&#13;
6vKbSOgBU8fXf4v1+x/R/uGaxgy3BWYw/pEa1bItE9DSvZUGyd4qbyPop+XDb/vtCkK5XhwUrXT0&#13;
IkOZReydmVfoXwdizLffgxpbqh7Wi/bKDfhqcM8soH4m14bCEb0CAwEAATANBgkqhkiG9w0BAQUF&#13;
AAOBgQBRGOfgn7erOECEADIb5IlmD+qrnMtlQF+f4pAmF4xuHVVaTeMZEd/VTMp3UV4tmVpO5m2z&#13;
SuWG+0c2rK81KScRgS0esShIfZ6OXncF4u0oyY+t056xRppg1Rdj0oReVMRj5TmjkZIJ/9X6lqhz&#13;
22o/Vnx4AV/h6uEvwkPxq/kdeg==</Certificate>
      <Certificate Name="CRAAPVBC07SNP">MIICSTCCAbKgAwIBAgIEUHWLODANBgkqhkiG9w0BAQUFADBpMQswCQYDVQQGEwJVUzELMAkGA1UE&#13;
CBMCQ0ExEDAOBgNVBAcTB0ZyZW1vbnQxFTATBgNVBAoTDHN5bWFudGVjLmNvbTEMMAoGA1UECxMD&#13;
c2NtMRYwFAYDVQQDEw1DUkFBUFZCQzA3U05QMB4XDTEyMTAxMDE0NTAzMloXDTIyMTAwODE0NTAz&#13;
MlowaTELMAkGA1UEBhMCVVMxCzAJBgNVBAgTAkNBMRAwDgYDVQQHEwdGcmVtb250MRUwEwYDVQQK&#13;
EwxzeW1hbnRlYy5jb20xDDAKBgNVBAsTA3NjbTEWMBQGA1UEAxMNQ1JBQVBWQkMwN1NOUDCBnzAN&#13;
BgkqhkiG9w0BAQEFAAOBjQAwgYkCgYEAhAAFTJy6WWRvW6TvVkYRRjABjJea4U02iLhZXtuKH3fC&#13;
dYFxh131vRoF8kB4eJiysc/LVaCRz74cyqmEzw46ocEL6ygx36kTr4OJF3gUG/NnTJ1EOnB62Vk0&#13;
vbAdzD+/nE24pnxTPvpX4+uYJVbLOXK5lbgkCTwk0aewafQjlSMCAwEAATANBgkqhkiG9w0BAQUF&#13;
AAOBgQBsyLXIxKr8yUkiY2xMZ0GrOVVX/wmy0cVrhuh8Qo/udbsltgWAkg/5QdsflSJx7GDrH3Tc&#13;
e8mLGVIelExIpatVycsuztBjMrnZXKuG1O/v1N9RnlOF4Pw97pwrnGJCyhxb6+n0u3+WW2g4HIEP&#13;
IqFSwEIJnxNJFfe8+gFJTXm6mA==</Certificate>
      <Certificate Name="CRAADVBC03cloud">MIIDAjCCAmugAwIBAgIQshHAcP5fd7kMTFX81rxi6DANBgkqhkiG9w0BAQUFADB8MXowCQYDVQQG&#13;
EwJVUzAJBgNVBAgMAkNBMAoGA1UECwwDRVNHMBQGA1UEBwwNTW91bnRhaW4gVmlldzAbBgNVBAoM&#13;
FFN5bWFudGVjIENvcnBvcmF0aW9uMCMGA1UEAwwcQ1JBQURWQkMwM2Nsb3VkLmQyLXRkYmZnLmNv&#13;
bTAeFw0xNTA0MjEyMDU2MzhaFw0yNTA1MTgyMDU2MzhaMHwxejAJBgNVBAYTAlVTMAkGA1UECAwC&#13;
Q0EwCgYDVQQLDANFU0cwFAYDVQQHDA1Nb3VudGFpbiBWaWV3MBsGA1UECgwUU3ltYW50ZWMgQ29y&#13;
cG9yYXRpb24wIwYDVQQDDBxDUkFBRFZCQzAzY2xvdWQuZDItdGRiZmcuY29tMIGfMA0GCSqGSIb3&#13;
DQEBAQUAA4GNADCBiQKBgQC+a2TUGQQNxpcS08cdaV8mQHqdeJ53+6o72nMnbnxCVD3oRJtJzYQl&#13;
69mVYh+3pkpiU/JYklN5N4U0sOimkw12rtBa0Nnd1t2IuPOniXI1n6n4LZHnsFrXIot1B8E30CAL&#13;
4GzG/FKDsL8BJlgaW1dBL1nmz/G/YuZ9PhOKsD32dQIDAQABo4GEMIGBMH8GA1UdEQR4MHaCHENS&#13;
QUFEVkJDMDNjbG91ZC5kMi10ZGJmZy5jb22CD0NSQUFEVkJDMDNjbG91ZIcECpseooINMTAuMTU1&#13;
LjMwLjE2MocQ/oAAAAAAAACgeqQeth59/4IeZmU4MDowOjA6MDphMDdhOmE0MWU6YjYxZTo3ZGZm&#13;
MA0GCSqGSIb3DQEBBQUAA4GBAJHNnPahJrbIalz54coNU2JwVNV95Pd6/3sAJQYEOSW2vLuLty8h&#13;
Ciim8ax0P7pnswRI9edWn47NGYwVK9YEOvL9jgNtFzShDa3ll66m3Wr1Sv8XUPvIkGYboWjc+FqQ&#13;
Nr4oKDhp4/bZSkttA12aAMcutAv37J7giYLZ/XKfh/wv</Certificate>
      <Certificate Name="CRAADVBC04cloud">MIIDAjCCAmugAwIBAgIQW2xKeyx8+aZ7zsw78EMluTANBgkqhkiG9w0BAQUFADB8MXowCQYDVQQG&#13;
EwJVUzAJBgNVBAgMAkNBMAoGA1UECwwDRVNHMBQGA1UEBwwNTW91bnRhaW4gVmlldzAbBgNVBAoM&#13;
FFN5bWFudGVjIENvcnBvcmF0aW9uMCMGA1UEAwwcQ1JBQURWQkMwNGNsb3VkLmQyLXRkYmZnLmNv&#13;
bTAeFw0xNTA2MjIxNDI5MDFaFw0yNTA3MTkxNDI5MDFaMHwxejAJBgNVBAYTAlVTMAkGA1UECAwC&#13;
Q0EwCgYDVQQLDANFU0cwFAYDVQQHDA1Nb3VudGFpbiBWaWV3MBsGA1UECgwUU3ltYW50ZWMgQ29y&#13;
cG9yYXRpb24wIwYDVQQDDBxDUkFBRFZCQzA0Y2xvdWQuZDItdGRiZmcuY29tMIGfMA0GCSqGSIb3&#13;
DQEBAQUAA4GNADCBiQKBgQDfkwmjJauJj8+5HdErw05LFzttnMxl7NfYHC0xaIcXBrRxYhIIRgl9&#13;
XfOvoZNgwHjUGEvK4lPWxhHFEjkDkbDo+MjZwtArTW3y55oq11VYBxDGGfo+K5Ncsaq3ydQ8mAv2&#13;
H6lGBJPhIBGLAOQSZQII6joE+F+JaY21alRfLDi3mQIDAQABo4GEMIGBMH8GA1UdEQR4MHaCHENS&#13;
QUFEVkJDMDRjbG91ZC5kMi10ZGJmZy5jb22CD0NSQUFEVkJDMDRjbG91ZIcECpseo4INMTAuMTU1&#13;
LjMwLjE2M4cQ/oAAAAAAAAB95rMioPu1wYIeZmU4MDowOjA6MDo3ZGU2OmIzMjI6YTBmYjpiNWMx&#13;
MA0GCSqGSIb3DQEBBQUAA4GBANnGdLuiojtLGLwOyefPOb12NUclC9EVETNzIoC6x9XH2mFO+bVt&#13;
typFJ4kn2i+9mRzAyYIesqFLJYZSOgBRsZ5LZVLSWEt/eMxLe1gqq3izxfGiSCWfv+z0Uqr8DBkH&#13;
mjzCHSp/yrsHtXkjbcR0maXCzU846wenaJyGNAF8ABij</Certificate>
    </ServerCertList>
    <LogSetting MaxLogRecords="100" SendingLogAllowed="1" UploadProcessLog="1" UploadRawLog="1" UploadSecurityLog="1" UploadSystemLog="1" UploadTrafficLog="1"/>
    <RegisterClient PreferredGroup="My Company\Cloud Rackspace Servers\{{ preferred_groups }}" PreferredMode="1"/>
  </CommConf>
</ServerSettings>
